{
	"Operator": "project",
	"routes": [ {
			"sno": "1",
			"folder": "JP001UP"
		}, {
			"sno": "2",
			"folder": "JP002UP"
		}, {
			"sno": "3",
			"folder": "JP003UP"
		}, {
			"sno": "4",
			"folder": "JP004UP"
		}, {
			"sno": "5",
			"folder": "JP005UP"
		}, {
			"sno": "6",
			"folder": "JP006UP"
		}, {
			"sno": "7",
			"folder": "JP007UP"
		}, {
			"sno": "8",
			"folder": "JP008UP"
		}, {
			"sno": "9",
			"folder": "JP009UP"
		}, {
			"sno": "10",
			"folder": "JP010UP"
		}, {
			"sno": "11",
			"folder": "JP011UP"
		}, {
			"sno": "12",
			"folder": "JP012UP"
		}, {
			"sno": "13",
			"folder": "JP013UP"
		}, {
			"sno": "14",
			"folder": "JP014UP"
		}, {
			"sno": "15",
			"folder": "JP015UP"
		}, {
			"sno": "16",
			"folder": "JP016UP"
		}, {
			"sno": "17",
			"folder": "JP017UP"
		}, {
			"sno": "18",
			"folder": "JP018UP"
		}, {
			"sno": "19",
			"folder": "JP019UP"
		}, {
			"sno": "20",
			"folder": "JP020UP"
		}, {
			"sno": "21",
			"folder": "JP021UP"
		}, {
			"sno": "22",
			"folder": "JP022UP"
		}, {
			"sno": "23",
			"folder": "JP023UP"
		}, {
			"sno": "24",
			"folder": "JP024UP"
		}, {
			"sno": "25",
			"folder": "JP025UP"
		}, {
			"sno": "26",
			"folder": "JP026UP"
		}, {
			"sno": "27",
			"folder": "JP027UP"
		}, {
			"sno": "28",
			"folder": "JP028UP"
		}, {
			"sno": "29",
			"folder": "JP029UP"
		}, {
			"sno": "30",
			"folder": "JP030UP"
		}, {
			"sno": "31",
			"folder": "JP031UP"
		}, {
			"sno": "32",
			"folder": "JP032UP"
		}, {
			"sno": "33",
			"folder": "JP033UP"
		}, {
			"sno": "34",
			"folder": "JP034UP"
		}, {
			"sno": "35",
			"folder": "JP035UP"
		}, {
			"sno": "36",
			"folder": "JP036UP"
		}, {
			"sno": "37",
			"folder": "JP037UP"
		}, {
			"sno": "38",
			"folder": "JP038UP"
		}, {
			"sno": "39",
			"folder": "JP039UP"
		}, {
			"sno": "40",
			"folder": "JP040UP"
		}, {
			"sno": "41",
			"folder": "JP201UP"
		}, {
			"sno": "42",
			"folder": "JP202UP"
		}, {
			"sno": "43",
			"folder": "JP203UP"
		}, {
			"sno": "44",
			"folder": "JP204UP"
		}, {
			"sno": "45",
			"folder": "JP205UP"
		}, {
			"sno": "46",
			"folder": "JP206UP"
		}, {
			"sno": "47",
			"folder": "JP207UP"
		}, {
			"sno": "48",
			"folder": "JP208UP"
		}
	]
}