{
	"Operator": "project",
	"routes": [ {
			"sno": "1",
			"folder": "BL001UP"
		}, {
			"sno": "2",
			"folder": "BL002UP"
		}, {
			"sno": "3",
			"folder": "BL003UP"
		}, {
			"sno": "4",
			"folder": "BL004UP"
		}, {
			"sno": "5",
			"folder": "BL005UP"
		}, {
			"sno": "6",
			"folder": "BL006UP"
		}, {
			"sno": "7",
			"folder": "BL007UP"
		}, {
			"sno": "8",
			"folder": "BL008UP"
		}, {
			"sno": "9",
			"folder": "BL009UP"
		}, {
			"sno": "10",
			"folder": "BL010UP"
		}, {
			"sno": "11",
			"folder": "BL011UP"
		}, {
			"sno": "12",
			"folder": "BL012UP"
		}, {
			"sno": "13",
			"folder": "BL013UP"
		}, {
			"sno": "14",
			"folder": "BL014UP"
		}, {
			"sno": "15",
			"folder": "BL015UP"
		}, {
			"sno": "16",
			"folder": "BL016UP"
		}, {
			"sno": "17",
			"folder": "BL017UP"
		}, {
			"sno": "18",
			"folder": "BL018UP"
		}, {
			"sno": "19",
			"folder": "BL019UP"
		}, {
			"sno": "20",
			"folder": "BL020UP"
		}, {
			"sno": "21",
			"folder": "BL021UP"
		}, {
			"sno": "22",
			"folder": "BL022UP"
		}, {
			"sno": "23",
			"folder": "BL023UP"
		}, {
			"sno": "24",
			"folder": "BL024UP"
		}, {
			"sno": "25",
			"folder": "BL025UP"
		}, {
			"sno": "26",
			"folder": "BL026UP"
		}, {
			"sno": "27",
			"folder": "BL027UP"
		}, {
			"sno": "28",
			"folder": "BL028UP"
		}, {
			"sno": "29",
			"folder": "BL029UP"
		}, {
			"sno": "30",
			"folder": "BL030UP"
		}, {
			"sno": "31",
			"folder": "BL031UP"
		}, {
			"sno": "32",
			"folder": "BL032UP"
		}, {
			"sno": "33",
			"folder": "BL033UP"
		}, {
			"sno": "34",
			"folder": "BL034UP"
		}, {
			"sno": "35",
			"folder": "BL035UP"
		}, {
			"sno": "36",
			"folder": "BL036UP"
		}, {
			"sno": "37",
			"folder": "BL037UP"
		}, {
			"sno": "38",
			"folder": "BL038UP"
		}, {
			"sno": "39",
			"folder": "BL039UP"
		}, {
			"sno": "40",
			"folder": "BL040UP"
		}, {
			"sno": "41",
			"folder": "BL041UP"
		}, {
			"sno": "42",
			"folder": "BL042UP"
		}, {
			"sno": "43",
			"folder": "BL043UP"
		}, {
			"sno": "44",
			"folder": "BL044UP"
		}, {
			"sno": "45",
			"folder": "BL045UP"
		}, {
			"sno": "46",
			"folder": "BL046UP"
		}, {
			"sno": "47",
			"folder": "BL201UP"
		}, {
			"sno": "48",
			"folder": "BL202UP"
		}, {
			"sno": "49",
			"folder": "BL203UP"
		}, {
			"sno": "50",
			"folder": "BL204UP"
		}, {
			"sno": "51",
			"folder": "BL205UP"
		}, {
			"sno": "52",
			"folder": "BL206UP"
		}, {
			"sno": "53",
			"folder": "BL207UP"
		}, {
			"sno": "54",
			"folder": "BL208UP"
		}, {
			"sno": "55",
			"folder": "BL209UP"
		}, {
			"sno": "56",
			"folder": "BL210UP"
		}
	]
}